Nome da Lista;Nome do Card;Descrição do card;Comentários do Card
Currículo encontrado ; Centro Universitário de Araras (UNAR) ; Telefone : (19) 3321-8000 | Site : https://www.unar.edu.br/ ; http://buscatextual.cnpq.br/buscatextual/visualizacv.do?id=K4284422Y3', 'https://www.facebook.com/vandarenata.reis', 'https://www.linkedin.com/search/results/all/?keywords=Vanda%20Renata%20Reis&origin=GLOBAL_SEARCH_HEADER', 'Informações de coordenação obtidas: | Coordenação: | \u200b | Dra. Vanda Renata Reis | E-mail: vanda.reis@unar.edu.br
Currículo encontrado ; Centro Universitário Adventista de São Paulo (UNASP) ; Telefone : (19) 3858-9000 | Site : http://unaspec.educacaoadventista.org.br/ ; http://buscatextual.cnpq.br/buscatextual/visualizacv.do?id=K4757576T6 | ', 'Mantive contato, porém não consegui falar com o mesmo. | Onde obtive seu ramal e nome completo. | Coordenador do curso: | Prof. Dr. Walter Augusto Fonseca de Carvalho | Ramal: |  9427
Informações obtidas / sem currículo ; Universidade de Araraquara (UNIARA) ; Telefone : (16) 3301-7100 | Site : http://www.uniara.com.br/ ; Informações de coordenação obtidas: |  | Coordenador(a): Celia Correia Malva | Email: agronomia@eduvale.com.br
Informações obtidas / sem currículo ; Faculdade Doutor Francisco Maeda (FAFRAM) ; Telefone : (16) 3729-9060 | Site : http://www.fafram.com.br/ ; Informações de coordenação obtidas: | Coordenador: Prof. Msc. Vinícius Antonio Macial Júnior | Email: vmacieljunior@gmail.com
Informações obtidas / sem currículo ; Faculdade Gammon ; Telefone : (18) 3361-9492 | Site : http://www.faculdadesgammon.edu.br/ ; Informações de coordenação obtidas: | Coordenador(a): Reginaldo Campanatti | Email: campanatti@femanet.com.br | Ramal: 200
Informações obtidas / sem currículo ; Universidade Federal de Uberlândia (UFU) ; Telefone : (34) 3238-0647, (34) 3239-4069, (34) 3239-4244 | Site : http://www.cieps.proexc.ufu.br/, http://www.iarte.ufu.br/artes-visuais, http://www.pet.facic.ufu.br/ ; Informações de coordenação obtidas: | Coordenador(a):  Fernando César Juliatti | Telefone: (34) 3225-6708 | Email: coago@ufu.br
Informações obtidas / sem currículo ; Faculdade Três de Maio (SETREM) ; Telefone : (55) 3535-4600 | Site : http://www.setrem.com.br/ ; Informações de coordenação obtidas: | Coordenador(a): Marcos Garrafa | Email: garrafa@setrem.com.br
Informações obtidas / sem currículo ; Faculdade Centro Mato-Grossense ; Telefone : (66) 3544-0649 | Site : http://www.facem.com.br/ ; Informações de coordenação obtidas: | Coordenador afastado, aguardando contratação | Email: agronomia@facem.com.br
Informações obtidas / sem currículo ; Faculdades Unidas do Vale do Araguaia (UNIVAR) ; Telefone : (66) 3402-4900 | Site : http://www.univar.edu.br/ ; Informações de coordenação obtidas: | Coordenador(a): Janne Louize Souza Santos  | Email: agronomia@univar.edu.br | 
Informações obtidas / sem currículo ; Faculdade da Amazônia (FAMA) ; Telefone : (69) 2101-0850 | Site : http://fama-ro.com.br/ ; Conseguimos somente o nome do Coordenador, email e telefone, não fornecidos!! | Coordenador(a): Willian Pereira da Silva
Informações obtidas / sem currículo ; Universidade Estadual do Piauí (UESPI) ; Telefone : (89) 3521-6812, (89) 3573-1234, (89) 3582-1312 | Site : http://www.uespi.br/ ; Diretor: Luis Gonzaga de Figueiredo Júnior | E-Mail:ccauespi@gmail.com | Fone/Fax: (86) 32652047
Currículo encontrado ; Universidade de São Paulo (USP) ; Telefone : (19) 3429-4110 / (19) 3429-4336 | Site : http://www.usp.br/ ; http://buscatextual.cnpq.br/buscatextual/busca.do | ', 'Informações de coordenação obtidas: | Coordenador(a): Sonia Piedade | Email: soniamsp@usp.br | Telefone: (19) 3429-4127
Currículo encontrado ; Faculdades Integradas de Ourinhos (FIO) ; Telefone : (14) 3302-6400 | Site : http://www.fio.edu.br/ ; http://buscatextual.cnpq.br/buscatextual/visualizacv.do?id=K4728081H6', 'Informações de coordenação obtidas: | Coordenador(a): Me. Renato Maravalhas | Email: renato.mcbarros@gmail.com | Ramal: 6449 | 
Currículo encontrado ; Centro Universitário Fundação de Ensino Octávio Bastos (UNIFEOB) ; Telefone : (19) 3631-0582, (19) 3634-3221 | Site : http://unifeob.edu.br/, https://unifeob.edu.br/ ; http://buscatextual.cnpq.br/buscatextual/visualizacv.do?id=K4413389Y8', 'Informações de coordenação obtidas: | Coordenador(a): Paulo Ricardo Casagrande Lazzarini', 'Diego fleury
Currículo encontrado ; Faculdade de Ensino Superior e Formação Integral (FAEF) ; Telefone : (14) 3407-8000 | Site : http://www.faef.edu.br/ ; http://buscatextual.cnpq.br/buscatextual/visualizacv.do?id=K4783799J0', 'Informações de coordenação obtidas: | Coordenadora: | Prof.ª Esp. Maria Regina Baptista Ferraro | Email: agronomia@faef.br
Currículo encontrado ; Faculdade de Tecnologia Paulista ; Telefone : (14) 3474-1551 | Site : http://www.faculdadepaulista.edu.br/ ; http://buscatextual.cnpq.br/buscatextual/visualizacv.do?id=K4215068H5', 'https://www.linkedin.com/in/%C3%A9rika-cristina-souza-da-silva-correia-97a382140/', 'Informações de coordenação obtidas: | Coordenador(a): | Profª. Dra. Érika Cristina Souza da Silva Correia                                            | Email: secretariapaulista@hotmail.com
Currículo encontrado ; Centro Universitário Unifafibe (FAFIBE) ; Telefone : (17) 3344-7100 | Site : http://www.unifafibe.com.br/ ; http://buscatextual.cnpq.br/buscatextual/visualizacv.do?id=K4786189P0', 'Informações de coordenação obtidas: | Prof.ª Me. Luciene de Andrade Bianchi Lopes | Email: engenharia.agronomica@unifafibe.com.br\t
Currículo encontrado ; Universidade de Marília (UNIMAR) ; Telefone : (14) 2105-4000 | Site : http://www.unimar.br/ ; http://buscatextual.cnpq.br/buscatextual/visualizacv.do?id=K4786189Z1', 'https://www.facebook.com/ronan.gualberto.3', 'https://www.linkedin.com/in/ronan-gualberto-a1773657/', 'Informações de coordenação obtidas: | Coordenação: | Prof. Dr. Ronan Gualberto | Email: rgualberto-fca@unimar.br | (14) 2105 4050
Currículo encontrado ; Centro Universitário Moura Lacerda (CUML) ; Telefone : (16) 2101-1010 | Site : https://www.portalmouralacerda.com.br/ ; http://buscatextual.cnpq.br/buscatextual/visualizacv.do?id=K4784517D1', 'https://www.facebook.com/glauco.cortez.3', 'Informações de coordenação obtidas: | Coordenador(a): Prof. Dr. Glauco Eduardo Pereira Cortez  | Email: agronomia@mouralacerda.edu.br | 
Currículo encontrado ; Universidade Federal de São Carlos (UFSCAR) ; Telefone : (16) 3351-8111 | Site : http://www.ufscar.br/ ; http://buscatextual.cnpq.br/buscatextual/visualizacv.do?id=K4769095H5', 'Informações de coordenação obtidas: | Coordenador: Prof. Dr. Ricardo Augusto Gorne Viani | Telefone: (19) 3543-2610 | Email: ccea@cca.ufscar.br | Site: Site: http://www.agronomiacca.ufscar.br |  | 
Currículo encontrado ; União Das Faculdades dos Grandes Lagos (UNILAGO) ; Telefone : (17) 3354-6000 | Site : http://www.unilago.edu.br/ ; http://buscatextual.cnpq.br/buscatextual/visualizacv.do?id=K4260845D2', 'https://www.linkedin.com/in/danila-comelis-bertolin-67338324/', 'Informação de coordenação obtidas: | Danila Comelis Bertolin | Contato: danilacomelis@hotmail.com | 
Currículo encontrado ; Centro Universitário Católico Salesiano Auxilium (UNISALESIANO) ; Telefone : (18) 3636-5252 | Site : http://www.unisalesiano.edu.br/ ; http://buscatextual.cnpq.br/buscatextual/visualizacv.do?id=K4760531E6', 'https://www.facebook.com/profile.php?id=100005287335867', 'https://www.linkedin.com/in/carlos-suguitani-84037251/', 'Informações de coordenação obtidas: | Coordenador: | Prof. Dr. Carlos Suguitani | Email: agronomia@unisalesiano.edu.br | 
Currículo encontrado ; Faculdades Integradas de Bauru (FIB) ; Telefone : (14) 2109-6200 | Site : http://www.fibbauru.br/ ; http://buscatextual.cnpq.br/buscatextual/visualizacv.do?id=K4732628P5', 'Informações de coordenação obtidas: | CORPO DOCENTE | Prof. Dra. Evelize de Fátima Saraiva David | Email: agronomia@fibbauru.br
Currículo encontrado ; Centro Universitário Toledo (UNITOLEDO) ; Telefone : (18) 3636-7000 | Site : http://www.toledo.br/ ; http://buscatextual.cnpq.br/buscatextual/visualizacv.do?id=K4242304D5', 'https://www.linkedin.com/in/daniel-carvalho-leite-822b1970/', 'Informações de coordenação obtidas: | Coordenador: | Prof. Dr. Daniel Carvalho Leite | Email: daniel.leite@toledo.br | Tel: (18) 3636-7020
Currículo encontrado ; Centro Universitário de Adamantina (FAI) ; Telefone : (18) 3502-7010 | Site : http://www.fai.com.br/ ; http://buscatextual.cnpq.br/buscatextual/visualizacv.do?id=K4751268D1', 'https://www.linkedin.com/in/jos%C3%A9-luiz-vieira-de-oliveira-31336b92/', 'Informações de coordenação obtidas: | Fabricio Rimoldi | Email: coordagronomia@fai.com.br | Chefe do Departamento de Exatas e Agrárias: | JOSÉ LUIZ VIEIRA DE OLIVEIRA | Email: exatas@fai.com.br | 
Currículo encontrado ; Centro Universitário de Rio Preto (UNIRP) ; Telefone : (17) 3211-3000 | Site : http://www.unirp.edu.br/ ; http://buscatextual.cnpq.br/buscatextual/visualizacv.do?id=K4753870E3', 'https://www.facebook.com/analidia.tonanitolfo', 'https://www.linkedin.com/in/ana-l%C3%ADdia-tonani-tolfo-1856baa6/', 'Não consegui contato com coordenadora do curso, porém obtive as seguintes informações: | E-mail coordenação: | agronomia@unirp.edu.br | Coordenadora: | Ana Lidia Tonani Tolfo
Currículo encontrado ; Centro Universitário de Araras (UNAR) ; Telefone : (19) 3321-8000 | Site : https://www.unar.edu.br/ ; http://buscatextual.cnpq.br/buscatextual/visualizacv.do?id=K4284422Y3', 'https://www.facebook.com/vandarenata.reis', 'https://www.linkedin.com/search/results/all/?keywords=Vanda%20Renata%20Reis&origin=GLOBAL_SEARCH_HEADER', 'Informações de coordenação obtidas: | Coordenação: | \u200b | Dra. Vanda Renata Reis | E-mail: vanda.reis@unar.edu.br
Currículo encontrado ; Centro Universitário Adventista de São Paulo (UNASP) ; Telefone : (19) 3858-9000 | Site : http://unaspec.educacaoadventista.org.br/ ; http://buscatextual.cnpq.br/buscatextual/visualizacv.do?id=K4757576T6 | ', 'Mantive contato, porém não consegui falar com o mesmo. | Onde obtive seu ramal e nome completo. | Coordenador do curso: | Prof. Dr. Walter Augusto Fonseca de Carvalho | Ramal: |  9427
Currículo encontrado ; Universidade de Sorocaba (UNISO) ; Telefone : (15) 2101-7000 | Site : http://www.uniso.br/ ; http://buscatextual.cnpq.br/buscatextual/visualizacv.do?id=K4739822E3', 'Informações de coordenação obtidas:  | Coordenador(a): | Profa. Dra. Bertha Devora Agurto Berdejo de Castro | Email: bertha.castro@prof.uniso.br | Telefone: 2101-7010
Currículo encontrado ; Centro Universitário do Norte Paulista (UNORP) ; Telefone : (17) 3203-2500 | Site : http://unorp.br/ ; https://www.facebook.com/luciana.teixeiradepaula', 'Informações de coordenação obtidas: | Coordenadora | Profª. Luciana Teixeira de Paula (mestre) | Email: luciana.teixeira@unorp.br | 
Currículo encontrado ; Universidade do Sagrado Coração (USC) ; Telefone : (14) 2107-7000 | Site : http://www.usc.br/ ; http://buscatextual.cnpq.br/buscatextual/visualizacv.do?id=K4711213Z0 | ', 'Informações de coordenação obtidas: | Coordenador(a): Prof. Dr. Pedro Bento da Silva | Email: pedro.silva@usc.br | Telefone: 2107-7128 | 
Currículo encontrado ; Centro Regional Universitário de Espírito Santo do Pinhal (UNIPINHAL) ; Telefone : (19) 3651-9600 | Site : https://www.unipinhal.edu.br/ ; http://buscatextual.cnpq.br/buscatextual/visualizacv.do?id=K4138037J9', 'https://www.facebook.com/vasco.altafin.7', 'https://www.linkedin.com/in/vasco-luiz-altafin-b668402a/', 'Informações de coordenação obtidas: | Coordenador: Vasco Luiz Altafin | Email: vasco@unipinhal.edu.br
Currículo encontrado ; Instituto Municipal de Ensino Superior de Bebedouro Victório Cardassi (IMESB) ; Telefone : (17) 3345-9366 | Site : http://www.imesb.br/ ; http://buscatextual.cnpq.br/buscatextual/visualizacv.do?id=K4139874T3', 'https://www.linkedin.com/in/jo%C3%A3o-emmanuel-ribeiro-guimar%C3%A3es-58642368/', 'Informações de coordenação obtidas: | Coordenador | Prof. Dr. João Emmanuel Ribeiro Guimarães | Email: jerguimarães@uol.com.br
Currículo encontrado ; Faculdade Eduvale de Avaré (EDUVALE) ; Telefone : (14) 3733-8585 | Site : http://www.eduvaleavare.com.br/ ; http://buscatextual.cnpq.br/buscatextual/visualizacv.do?id=K4228742T3', 'https://www.facebook.com/luisrodrigo.miyamotobarberis', 'https://www.linkedin.com/in/luis-rodrigo-miyamoto-barberis-451366a1/', 'Informações de coordenação obtidas: | Coordenador: LUIS RODRIGO MIYAMOTO BARBERIS | Email:agronomia@eduvaleavare.com.br
Currículo encontrado ; Centro Universitário Central Paulista (UNICEP) ; Telefone : (16) 3362-2111 | Site : http://www.unicep.edu.br/ ; http://buscatextual.cnpq.br/buscatextual/visualizacv.do?id=K4766266Y4', 'https://www.linkedin.com/in/cristiana-de-gaspari-pezzopane-b4470624/', 'Informações de coordenação obtidas: | Coordenador(a): | Dra Cristiana de Gaspari Pezzopane | Email: cristiana.gaspari@gmail.com
Currículo encontrado ; Universidade Estadual Paulista Júlio de Mesquita Filho (UNESP) ; Telefone : (14) 3880-7133 | Site : http://www.unesp.br/ ; http://buscatextual.cnpq.br/buscatextual/visualizacv.do?id=K4733383H9', 'https://www.linkedin.com/in/regiane-cristina-oliveira-de-freitas-bueno-b1452134/', 'Informações de coordenação obtidas: | Coordenador(a): Regiane Bueno | Email: regiane.bueno@unesp.br | Telefone: (14) 3880-7690
Currículo encontrado ; Centro Universitário da Fundação Educacional de Barretos (UNIFEB) ; Telefone : (17) 3321-6411 | Site : http://www.unifeb.edu.br/ ; http://buscatextual.cnpq.br/buscatextual/visualizacv.do?id=K4713562U4 | ', 'https://www.linkedin.com/in/fabio-nobile-53579212b/', 'Informações de coordenação obtidas: | Coordenador  | PROFº. DR. FABIO NÓBILE | Email: agronomia@unifeb.edu.br | Telefone: (17) 3321-6377 |  
Currículo encontrado ; Faculdade de Ensino Superior Santa Barbara (FAESB) ; Telefone : (15) 3259-3838 | Site : http://www.faesb.edu.br/inicial ; http://buscatextual.cnpq.br/buscatextual/visualizacv.do?id=K4779142P2', 'Informações de coordenação obtidas: | Coordenador do Curso:\t | Prof. Dr. Thiago Fonseca Mezette | Email: agronomia@faesb.edu.br
Currículo encontrado ; Faculdade de Tecnologia e Ciencias do Norte do Paraná (FATECIE) ; Telefone : (44) 3045-9898 | Site : http://fatecie.edu.br/ ; http://buscatextual.cnpq.br/buscatextual/visualizacv.do?id=K4750336P3', 'https://www.linkedin.com/in/julio-cesar-t-colella-2a58b87b/', 'https://www.facebook.com/juliocesar.tcolella', 'Informações de coordenação obtidas: | Coordenador(a): Julio Cesar Tocacelli | Email: ctocacelli@gmail.com | Telefone: (44) 99162-1976
Currículo encontrado ; Universidade Norte do Paraná (Unopar) Londrina ; Telefone : (43) 3371-7805 |  | Site : http://unopar.br/ ; http://buscatextual.cnpq.br/buscatextual/visualizacv.do?id=K4267417U2', 'https://www.facebook.com/larissa.colombo.10?epa=SEARCH_BOX | ', 'Informações de coordenação obtidas: | Coordenador(a): Larissa Abgariani Colombo | Telefone: (43) 3371 – 7700
Currículo encontrado ; Universidade Estadual do Centro Oeste (UNICENTRO) ; Telefone : (42) 3621-1000 | Site : https://www3.unicentro.br/ ; http://buscatextual.cnpq.br/buscatextual/visualizacv.do?id=K4759329D0', 'Informações de coordenação obtidas: | Coordenador(a): Prof. Luiz Henrique Ilkiu Vidal | Telefone: (42) 3629-8224
Currículo encontrado ; Instituto Federal de Educação, Ciência e Tecnologia do Paraná (IFPR) ; Telefone : (44) 3482-0110 | Site : http://www.ifpr.edu.br/ ; http://buscatextual.cnpq.br/buscatextual/visualizacv.do?id=K4732066P1', 'Informações de coordenação obtidas: | Coordenador(a): Christiano Santos Rocha Pitta | Email: agronomia.palmas@ifpr.edu.br
Currículo encontrado ; Universidade Tecnológica Federal do Paraná (UTFPR) 2 Vizinhos ; Telefone: (46) 3536-8900 | http://www.utfpr.edu.br/doisvizinhos/cursos/bacharelados/Ofertados-neste-Campus/agronomia ; http://buscatextual.cnpq.br/buscatextual/visualizacv.do?id=K4744415J2', 'Informações de coordenação obtidas: | Coordenador(a): Dr. Lucas da Silva Domingues | Email: coagr-dv@utfpr.edu.br | Telefone: (46) 3536-8900 (ramal 8920)', 'Site fora do ar | 
Currículo encontrado ; Universidade Paranaense (UNIPAR) ; Telefone : (44) 3421-4000, (44) 3619-3000, (44) 3621-2828 | Site : http://www.unipar.br/ ; http://buscatextual.cnpq.br/buscatextual/visualizacv.do?id=K4701866Y1', 'https://www.facebook.com/profile.php?id=100006227136849', 'Informações de coordenação obtidas: | Coordenador(a): Lucimar Pereira Bonett | Email: engenhagro-umu@unipar.br
Currículo encontrado ; Centro Universitário Ingá ; Telefone : (44) 3033-5009 | Site : http://uninga.br/ ; https://www.linkedin.com/in/sergio-riccardo-sirotti-272888144/', 'Informações de coordenação obtidas: | Coordenador(a): Sergio Riccardo Sirotti | Email: agronomia@uninga.edu.br
Currículo encontrado ; Centro Universitário Filadélfia (UNIFIL) ; Telefone : (43) 3375-7474 | Site : http://www.unifil.br/ ; http://buscatextual.cnpq.br/buscatextual/visualizacv.do?id=K4762386D7', 'https://www.linkedin.com/in/f%C3%A1bio-suano-souza-61604940/', 'Informações de coordenação obtidas: | Coordenador(a): Dr. Fábio Suano de Souza | Email: agronomia@unifil.br
Currículo encontrado ; Faculdade de Ensino Superior de São Miguel do Iguaçu (FAESI) ; Telefone : (45) 3565-3181 | Site : http://faesi.com.br/ ; http://buscatextual.cnpq.br/buscatextual/visualizacv.do?id=K4213504T6', 'Informações de coordenação obtidas: | Coordenador(a): Danielle Acco Cadorin | Email: agronomia@faesi.com.br | Telefone: (45) 3565-3181 | 
Currículo encontrado ; Faculdade Campo Real (CAMPO REAL) ; Telefone : (42) 3621-5200 | Site : http://www.camporeal.edu.br/ ; http://buscatextual.cnpq.br/buscatextual/visualizacv.do?id=K4259284P9', 'https://www.linkedin.com/in/mateus-cassol-tagliani-52871b10a/', 'https://www.facebook.com/mateus.cassoltagliani', 'Informações de coordenação obtidas: | Coordenador(a): Mateus Cassol Tagliani | Email: prof_mateuscassol@camporeal.edu.br | 
Currículo encontrado ; Centro Universitário Dinâmica Das Cataratas (UDC) ; Telefone : (45) 3523-6900 | Site : http://www.udc.edu.br/ ; http://buscatextual.cnpq.br/buscatextual/visualizacv.do?id=K4240865D4', 'https://www.facebook.com/martin.engler1', 'Informações de coordenação obtidas: | Coordenador(a): Martin Engler | Email: martin@udc.edu.br | Telefone: (45)3523-6900
Currículo encontrado ; Faculdade de Ensino Superior do Centro do Paraná (UCP) ; Telefone : (42) 3646-5555 | Site : http://www.ucpparana.edu.br/ ; http://buscatextual.cnpq.br/buscatextual/visualizacv.do?id=K4104278A6', 'https://www.linkedin.com/in/andricia-verlindo-8ba845116/', 'https://www.facebook.com/averlindo', 'Informações de coordenação obtidas: | Coordenador(a): Andricia Verlindo | Email: engenhariaagronomica@ucpparana.edu.br
Currículo encontrado ; Faculdades Integradas do Vale do Iguaçu ; Telefone : (42) 3522-6192 | Site : http://www.uniguacu.edu.br/ ; http://buscatextual.cnpq.br/buscatextual/visualizacv.do?id=K4213464H5', 'Informações de coordenação obtidas: | Coordenador(a): Zeno Jair Caesar Junior | Email: prof_zeno@uniguacu.edu.br
Currículo encontrado ; Faculdade Educacional de Dois Vizinhos (FAED) ; Telefone : (46) 3581-5000 | Site : http://www.unisep.edu.br/ ; http://buscatextual.cnpq.br/buscatextual/visualizacv.do?id=K4434443H7', 'Informações de coordenação obtidas: | Coordenador(a): Marcelo Dotto | Email: marcelo.dotto@unisep.edu.br
Currículo encontrado ; Faculdade Pitágoras de Londrina ; Telefone : (43) 3373-7328 | Site : http://www.faculdadepitagoras.com.br/Paginas/Detalhes-do-Curso.aspx?UID=21&DID=150 ; http://buscatextual.cnpq.br/buscatextual/visualizacv.do?id=K4231151Z3', 'https://www.linkedin.com/in/luiz-j%C3%BAnior-perini-45b707a9/', 'https://www.facebook.com/luizjuniorperini', 'Informações de coordenação obtidas: | Coordenador(a): Luiz Junior Perini | Email: l.junior@pitagoras.com.br 
Currículo encontrado ; Faculdade Integrado de Campo Mourão (CEI) ; Telefone : (44) 3518-2500 | Site : http://www.grupointegrado.br/ ; http://buscatextual.cnpq.br/buscatextual/visualizacv.do?id=K4706047Y1', 'Informações de coordenação obtidas: | Coordenador(a): Nadia Cristina de Oliveira | Email:coord.agronomia@grupointegrado.br | 
Currículo encontrado ; Centro Universitário Assis Gurgacz (FAG) ; Telefone : (45) 3277-4000 | Site : http://www.fag.edu.br/ ; http://buscatextual.cnpq.br/buscatextual/visualizacv.do?id=K4767618H6', 'Informações de coordenação obtidas: | Coordenador(a): Prof. Dra. Ana Paula M. Mourão Simonetti | Email: agronomia@fag.edu.br
Currículo encontrado ; Faculdades Integradas dos Campos Gerais (CESCAGE) ; Telefone : (42) 3219-8000 | Site : http://www.cescage.edu.br/ ; http://buscatextual.cnpq.br/buscatextual/visualizacv.do?id=K4732552A6', 'https://www.facebook.com/jeanricardo.olinik', 'Informações de coordenação obtidas: | Coordenador(a): JEAN RICARDO OLINIK | Email: jean.olenik@cescage.edu.br | Telefone: 42 3219-8000
Currículo encontrado ; Pontifícia Universidade Católica do Paraná (PUCPR) ; Telefone : (41) 3271-1555 | Site : http://www.pucpr.br/ ; http://buscatextual.cnpq.br/buscatextual/visualizacv.do?id=K4238186U1', 'Informações de coordenação obtidas: | Coordenador(a): Aline Roberta De Carvalho Silvestrin
Currículo encontrado ; Universidade Estadual de Maringá (UEM) ; Telefone : (44) 3011-4040 | Site : http://www.uem.br/ ; http://buscatextual.cnpq.br/buscatextual/visualizacv.do?id=K4785971H9', 'https://www.linkedin.com/in/telmo-tonin-77335025/', 'https://www.facebook.com/telmo.tonin', 'Informações de coordenação obtidas: | Coordenador(a): Telmo Tonin | Email: tatonin@uem.br | Tel: (44) 3011-8934
Currículo encontrado ; Universidade Estadual de Ponta Grossa (UEPG) ; Telefone : (42) 3220-3300 | Site : http://portal.uepg.br/ ; http://buscatextual.cnpq.br/buscatextual/visualizacv.do?id=K4780739Z6', 'https://www.linkedin.com/in/jos%C3%A9-raulindo-gardingo-3b263125/', 'https://www.facebook.com/joseraulindo.gardingo', 'Informações de coordenação obtidas: | Coordenador(a): José Raulindo Gardingo | Email: jrgardin@uepg.br
Currículo encontrado ; Universidade Estadual do Norte do Paraná (UENP) ; Telefone : (43) 3525-3589 | Site : http://www.uenp.edu.br/ ; http://buscatextual.cnpq.br/buscatextual/visualizacv.do?id=K4787804E2', 'https://www.linkedin.com/in/jos%C3%A9-celso-martins-802a3a36/', 'https://www.facebook.com/josecelso.martins', 'Informações de coordenação obtidas: | Coordenador(a):  José Celso Martins  | Email:  jcelso@uenp.edu.br
Currículo encontrado ; Universidade Estadual do Oeste do Paraná (UNIOESTE) ; Telefone : (45) 3220-3000 | Site : http://www.unioeste.br/ ; http://buscatextual.cnpq.br/buscatextual/visualizacv.do?id=K4797620E7', 'https://www.facebook.com/claudio.tsutsumi', 'Informações de coordenação obtidas: | Coordenador(a): Cláudio Yuji Tsutsumi | Email: claudio.tsutsumi@unioeste.br | Telefone: (45) 32847806
Currículo encontrado ; Universidade Tuiuti do Paraná (UTP) ; Telefone : (41) 3331-7700 | Site : http://www.utp.br/veterinario ; http://buscatextual.cnpq.br/buscatextual/visualizacv.do?id=K4705102E0', 'Informações de coordenação obtidas: | Coordenador(a): Ana Luisa Palhano Silva | Telefone: (41) 3331-7740 | Email: ana.silva40@utp.br
Currículo encontrado ; Universidade Federal do Paraná (UFPR) ; Telefone : (41) 3360-5000 | Site : http://www.ufpr.br/ ; http://buscatextual.cnpq.br/buscatextual/visualizacv.do?id=K4780473P8', 'https://www.linkedin.com/in/luiz-antonio-corr%C3%AAa-lucchesi-a3380234/', 'Informações de coordenação obtidas: | Coordenador(a): Prof. Luiz Antonio Corrêa Lucchesi | Departamento de Solos e Engenharia Agrícola – DSEA/AG | Email: lclucche@ufpr.br | Telefone: (41) 3350-5612
Currículo encontrado ; Centro Universitário da Grande Dourados (UNIGRAN) ; Telefone : (67) 3411-4141 | Site : http://portalrelacionamento.com.br/ ; http://buscatextual.cnpq.br/buscatextual/visualizacv.do?id=K4279875H8', 'https://www.linkedin.com/in/mateus-secretti-340ab5139/', 'https://www.facebook.com/mateussecretti', 'Informações de coordenação obtidas: | Coordenador(a): Mateus Secretti | Email: agronomia@unigran.br | Telefone: (67) 3411-4196
Currículo encontrado ; Universidade Anhanguera (UNIDERP) ; Telefone : (67) 3348 - 8000 | Site : http://www.uniderp.br/uniderp/vw_curso.aspx?CodCurso=4 ; http://buscatextual.cnpq.br/buscatextual/visualizacv.do?id=K4766442Z9', 'Informações de coordenação obtidas: | Coordenador(a): Profª Ma. Graziella Ribeiro Brum | Ramal: Secretaria agronomia
Currículo encontrado ; Instituto Federal de Educação, Ciência e Tecnologia do Mato Grosso do Sul (IFMS) ; Telefone : (67) 3357-8501 | Site : http://www.ifms.edu.br/ ; http://buscatextual.cnpq.br/buscatextual/visualizacv.do?id=K4267447J7', 'Informações de coordenação obtidas: | Coordenador(a): Renan Soares de Souza | Email: renan.souza@ifms.edu.br | Telefone:(67) 3409-2501
Currículo encontrado ; Faculdades Integradas de Três Lagoas (AEMS) ; Telefone : (67) 2105-6060 | Site : http://aems.edu.br/ ; http://buscatextual.cnpq.br/buscatextual/visualizacv.do?id=K4214262T6', 'Informações de coordenação obtidas: | Coordenador(a): JEFFERSON ANTHONY GABRIEL DE OLIVEIRA | 
Currículo encontrado ; Universidade Estadual de Mato Grosso do Sul (UEMS) ; Telefone : (67) 3902-2360 | Site : http://www.uems.br/ ; http://buscatextual.cnpq.br/buscatextual/visualizacv.do?id=K4702772T3', 'Informações de coordenação obtidas: | Coordenador(a): Prof. Dr. Felipe André Sganzerla Graichen | Email: agroaquidauana@uems.br | Telefone: (67) 3904-2934 | 
Currículo encontrado ; Universidade Federal de Mato Grosso do Sul (UFMS) ; Telefone : (67) 3345-7001 | Site : http://www.ufms.br/ ; http://buscatextual.cnpq.br/buscatextual/visualizacv.do?id=K4760835D3', 'https://www.linkedin.com/in/sebasti%C3%A3o-ferreira-lima-b49756156/', 'Informações de coordenação obtidas: | Coordenador(a): SEBASTIAO FERREIRA DE LIMA\t | Email:  agro.cpcs@ufms.br | Telefone: (67) 3562-6302
Currículo encontrado ; Universidade Católica Dom Bosco (UCDB) ; Telefone : (67) 3312-3300 | Site : http://www.ucdb.br/ ; http://buscatextual.cnpq.br/buscatextual/visualizacv.do?id=K4717842U1', 'https://www.facebook.com/cleber.jadoski', 'Informações de coordenação obtidas: | Coordenador(a): Cleber Junior Jadoski | Email: agro@ucdb.br | Telefone: (67) 3312-3513
Currículo encontrado ; Centro Universitário de Formiga (UNIFORMG) ; Telefone : (37) 3329-1400 | Site : http://www.uniformg.edu.br/ ; http://buscatextual.cnpq.br/buscatextual/visualizacv.do?id=K4383120E1', 'Informações de coordenação obtidas: | Coordenador(a): Dra. Fernanda Maria Rodrigues Castro | Email: coordengagr@uniformg.edu.br | Telefone:  (37) 3329 - 1475
Currículo encontrado ; Universidade Vale do Rio Verde (UNINCOR) ; Telefone : (35) 3239-1000 | Site : http://www.unincor.br/ ; http://buscatextual.cnpq.br/buscatextual/visualizacv.do?id=K4212330U1', 'Informações de coordenação obtidas: | Coordenador(a): Ramiro Machado Rezende | Email: coord.agronomia@unincor.edu.br
Currículo encontrado ; Centro Superior de Ensino e Pesquisa de Machado (CESEP) ; Telefone : (35) 3295-9500 | Site : http://www.fem.com.br/ ; http://buscatextual.cnpq.br/buscatextual/visualizacv.do?id=K4785492Z3', 'Informações de coordenação obtidas: | Coordenador(a): Giselle Prado Brigante | Email: agronomia@fem.com.br
Currículo encontrado ; Instituto Federal de Educação, Ciência e Tecnologia de Minas Gerais (IFMG) ; Telefone : (31) 2513-5222 | Site : http://www.ifmg.edu.br/ ; http://buscatextual.cnpq.br/buscatextual/visualizacv.do?id=K4257682E8', 'Informações de coordenação obtidas: | Coordenador(a): Fernanda de Lima Barroso | Email: agronomia.sje@ifmg.edu.br | Telefone: (33) 3412-2921', 'Site não acessando | 
Currículo encontrado ; Faculdade Cidade de Coromandel (FCC) ; Telefone : (34) 3841-3408 | Site : http://fcc.edu.br/ ; http://buscatextual.cnpq.br/buscatextual/visualizacv.do?id=K4518905T7', 'Informações de coordenação obtidas: | Coordenador(s): Thiago Silvestre Saraiva | Email: agronomia@fcc.edu.br
Currículo encontrado ; Universidade Estadual de Montes Claros (UNIMONTES) ; Telefone : (38) 3229-8000 | Site : http://www.unimontes.br/ ; http://buscatextual.cnpq.br/buscatextual/visualizacv.do?id=K4733521A5', 'Informações de coordenação obtidas: | Coordenador(a): Prof. Gevaldo Barbosa de Oliveira | Email: campus.janauba@unimontes.br | Telefone: (38) 3821-2344
Currículo encontrado ; Universidade do Estado de Minas Gerais (UEMG) ; Telefone : (32) 3052-3100, (35) 3261-2020, (35) 3529-6000 | Site : http://www.uemg.br/, http://www.uemg.br/unidade.php?id=12 ; http://buscatextual.cnpq.br/buscatextual/visualizacv.do?id=K4202483T0', 'Coordenador: Prof. Evandro Freire Lemos  | Email: 
Currículo encontrado ; Instituto Federal de Educação, Ciência e Tecnologia do Triângulo Mineiro (IFTM) ; Telefone : (34) 3319-6000 | Site : http://www.iftm.edu.br/ ; http://buscatextual.cnpq.br/buscatextual/visualizacv.do?id=K4769561J5', 'Informações de coordenação obtidas: | Coordenador(a): Ana Carolina Favero | Email: anafavero@iftm.edu.br
Currículo encontrado ; Faculdade Presidente Antônio Carlos de Teófilo Otoni (FUNEES Teófilo Otoni) ; Telefone : (33) 3523-6170 | Site : http://www.unipacto.com.br/ ; http://buscatextual.cnpq.br/buscatextual/visualizacv.do?id=K4303234H9', 'Informações de coordenação obtidas: | Coordenador(a): Rodolfo Pascal Petrocelli | Email: agronomia@unipacuberlandia.com.br | Telefone: (34) 3291-2100
Currículo encontrado ; Instituto Federal de Educação, Ciência e Tecnologia do Sudeste de Minas Gerais (IFSEMG) ; Telefone : (32) 3257-4100, (32) 4009-3001 | Site : http://www.ifsudestemg.edu.br/, http://www.jf.ifsudestemg.edu.br/, http://www.santosdumont.ifsudestemg.edu.br/ ; http://buscatextual.cnpq.br/buscatextual/visualizacv.do?id=K4275044U6', 'Coordenador: Júlio César Stelmo da Silva.  | Email: agronomia.barbacena@ifsudestemg.edu.br
Currículo encontrado ; Faculdade de Ciências e Tecnologia de Unaí (FACTU) ; Telefone : (38) 3676-6222 | Site : http://www.factu.br/ ; http://buscatextual.cnpq.br/buscatextual/visualizacv.do?id=K4261276Y6', 'Informações de coordenação obtidas: | Coordenador(a):Francilene Lima Ferreira | Email: agronomafran@hotmail.com
Currículo encontrado ; Centro Universitário do Planalto de Araxá (UNIARAXÁ) ; Telefone : (34) 3669-2000 | Site : http://site.uniaraxa.edu.br/ ; http://buscatextual.cnpq.br/buscatextual/visualizacv.do?id=K4718669P9', 'Informações de coordenação obtidas: | Coordenador(a): Rafael Tadeu de Assis | Email: rafaelassis@uniaraxa.edu.br
Currículo encontrado ; Centro Universitário de Patos de Minas (UNIPAM) ; Telefone : (34) 3823-0300 | Site : https://www.unipam.edu.br/ ; http://buscatextual.cnpq.br/buscatextual/visualizacv.do?id=K4213308E3', 'Informações de coordenação obtidas: | Coordenador(a): Lucas Da Silva Mendes | Email: lucassm@unipam.edu.br
Currículo encontrado ; Faculdades Associadas de Uberaba (FAZU) ; Telefone : (34) 3318-4188 | Site : https://www.fazu.br/ ; http://buscatextual.cnpq.br/buscatextual/visualizacv.do?id=K4213658D1', 'Informações de coordenação obtidas: | Coordenador(a): Dr. Diego Felisbino Fraga | Email do Coordenador: diego.fraga@fazu.br | Email do Curso: agronomia@fazu.br | Ramal da Coordenação: (34) 3318-4118
Currículo encontrado ; Faculdade Ális de Bom Despacho ; Telefone : (37) 3516-1200 | Site : https://www.una.br/unidades/centro-universitario-una-de-bom-despacho/ ; http://buscatextual.cnpq.br/buscatextual/visualizacv.do?id=K4261414U7', 'Informações de coordenação obtidas: | Coordenador(a): Rodrigo de Almeida Pontes | Email: rodrigopontes@una.br
Currículo encontrado ; Centro Universitário do Cerrado-Patrocínio (UNICERP) ; Telefone : (34) 3839-3737 | Site : http://www.unicerp.edu.br/ ; http://buscatextual.cnpq.br/buscatextual/visualizacv.do?id=K4797485A9', 'https://www.facebook.com/clauberbarbosa.dealcantara', 'Informações de coordenação obtidas: | Coordenador(a): PROF. DR. CLAUBER BARBOSA DE ALCÂNTARA | 
Currículo encontrado ; Faculdade Vértice (VÉRTICE) ; Telefone : (31) 3873-2199 | Site : http://www.univertix.net/ ; http://buscatextual.cnpq.br/buscatextual/visualizacv.do?id=K4794529P5', 'Informações de coordenação obtidas: | Coordenador(a): Profª. D.Sc. Irlane Bastos Costa
Currículo encontrado ; Instituto Federal de Educação, Ciência e Tecnologia do Norte de Minas Gerais (IFNMG) ; Telefone : (38) 3201-3050 | Site : http://www.ifnmg.edu.br/ ; http://buscatextual.cnpq.br/buscatextual/visualizacv.do?id=K4759679D3', 'https://www.linkedin.com/in/antonio-clarette-santiago-tavares-13466869/ | ', 'http://buscatextual.cnpq.br/buscatextual/visualizacv.do?id=K4297087Z1', 'Informações de coordenação obtidas: |                                                  Campus Januária | - Nome do Coordenador: Claubert Wagner Guimarães de Menezes | - Email: claubert.menezes@ifnmg.edu.br | - Telefone: (38) 3629 4600 |                                                  Campus Almenara  | - Nome do coordenador: Antonio Clarette Santiago Tavares  | - Email: antonio.tavares@ifnmg.edu.br  
Currículo encontrado ; Centro Universitário do Triângulo (UNITRI) ; Telefone : (34) 4009-9000 | Site : http://unitri.edu.br/ ; http://buscatextual.cnpq.br/buscatextual/visualizacv.do?id=K4234259Y9', 'https://www.linkedin.com/in/andre-sellaro-frigoni-6247055a/', 'https://www.facebook.com/andre.sellarofrigoni', 'Informações de coordenação obtidas: | Coordenador(a): Prof. André Sellaro Frigoni | Email: agronomia@unitri.edu.br | Telefone: (34) 4009-9104 | 
Currículo encontrado ; Universidade Federal dos Vales do Jequitinhonha e Mucuri (UFVJM) ; Telefone : (33) 3529-2700 | Site : http://www.ufvjm.edu.br/ ; Informações de coordenação obtidas: | Coordenador(a): Daniel Ferreira da Silva', 'http://buscatextual.cnpq.br/buscatextual/visualizacv.do?id=K4764210Z5
Currículo encontrado ; Universidade Federal do Triângulo Mineiro (UFTM) ; Telefone : (34) 3700-6000 | Site : http://www.uftm.edu.br/ ; http://buscatextual.cnpq.br/buscatextual/visualizacv.do?id=K4773258Z5', 'https://www.linkedin.com/in/helder-barbosa-paulino-a8a60b22/', 'Informações de coordenação obtidas: | Coordenador(a): Prof. Helder Barbosa Paulino | Email: coord.agronomia.iturama@uftm.edu.br  | Telefone: (34) 3415-2522
Currículo encontrado ; Universidade Vale do Rio Doce (UNIVALE) ; Telefone : (33) 3279-5500 | Site : http://univale.br/ ; http://buscatextual.cnpq.br/buscatextual/visualizacv.do?id=K4251011E6', 'https://www.linkedin.com/in/maykon-dias-cez%C3%A1rio-11005231/', 'Informações de coordenação obtidas: | Coordenador(a): Maykon Dias Cezário | Telefone: (33) 3279-5926
Currículo encontrado ; Universidade Federal de Viçosa (UFV) ; Telefone : (31) 3899-2200 | Site : http://www.ufv.br/ ; http://buscatextual.cnpq.br/buscatextual/visualizacv.do?id=K4779626U0', 'Informações de coordenação obtidas: | Coordenador(a): Leonardo Duarte Pimentel | Email: leonardo.pimentel@ufv.br
Currículo encontrado ; Universidade Federal de Minas Gerais (UFMG) ; Telefone : (31) 3409-5000 | Site : https://www.ufmg.br/ ; http://buscatextual.cnpq.br/buscatextual/visualizacv.do?id=K4206768Z6', 'https://www.facebook.com/alcineimistico.azevedo', 'Informações de coordenação obtidas: | Coordenador(a): ALCINEI MISTICO AZEVEDO | Endereço da coordenação:  | Av. Universitária, INSTITUTO DE CIÊNCIAS AGRÁRIAS - ICA, 1000, JK, 39.404-006, Montes Claros, MG | Telefone: (38) 2101-7746 | E-mail: colgradagro@ica.ufmg.br | Site: http://www.ica.ufmg.br/ica
Currículo encontrado ; Universidade Federal de Lavras (UFLA) ; Telefone : (35) 3829-1122 | Site : http://www.ufla.br/ ; http://buscatextual.cnpq.br/buscatextual/visualizacv.do?id=K4799260P3', 'https://www.linkedin.com/in/valter-carvalho-de-andrade-j%C3%BAnior-5637b4a5/', 'Informações de coordenação obtidas: | Coordenador(a): Prof. Valter Carvalho de Andrade Júnior | Email: valter.andrade@dag.ufla.br | Telefone: (35) 3829-1338
Currículo encontrado ; Universidade Federal de Santa Catarina (UFSC) ; Telefone : (48) 3721-9000 | Site : http://ufsc.br/ ; http://buscatextual.cnpq.br/buscatextual/visualizacv.do?id=K4799404A5', 'Informações de coordenação obtidas: | Coordenador(a):  Prof. Paulo César Poliseli | Email: paulo.poliseli@ufsc.br | Telefone: (48) 3721-5439
Currículo encontrado ; Instituto Federal de Educação, Ciência e Tecnologia de Santa Catarina (IFSC) ; Telefone : (47) 3431-5600, (48) 3211-6000, (48) 3877-9000 | Site : http://florianopolis.ifsc.edu.br/, http://www.ifsc.edu.br/, http://www.joinville.ifsc.edu.br/ ; http://buscatextual.cnpq.br/buscatextual/visualizacv.do?id=K4125833Y9', 'Informações de coordenação obtidas: | Coordenador(a): Adinor José Capellesso | Email: agronomia.smo@ifsc.edu.br | Telefone: (49) 3631-0467
Currículo encontrado ; Universidade do Oeste de Santa Catarina (UNOESC) ; Telefone : (49) 3551-2000 | Site : https://www.unoesc.edu.br/cursos/graduacao ; http://buscatextual.cnpq.br/buscatextual/visualizacv.do?id=K4764817Z9', 'https://www.linkedin.com/in/marcieli-maccari-898abb7b/', 'https://www.facebook.com/profile.php?id=100006524499315', 'http://buscatextual.cnpq.br/buscatextual/visualizacv.do?id=K4242465J6', 'http://buscatextual.cnpq.br/buscatextual/visualizacv.do?id=K4704350E1', 'https://www.facebook.com/alceu.cericato', 'http://buscatextual.cnpq.br/buscatextual/visualizacv.do?id=K4282491H3', 'Informações de coordenação obtidas: |                                                    Campos novos | - Coordenador(a): Marcio Zilio | - Email: agronomia.cnv@unoesc.edu.br |                                                     Maravilha | - Coordenador(a): Alceu Cericato | - Email: agronomia.mh@unoesc.edu.br |                                                     São José Do Cedro | -Coordenador(a): Claudia Klein | - Email: agronomia.sjc@unoesc.edu.br |                                                      Xanxerê | - Coordenador(a): Marcieli Maccari | - Email: agronomia.xxe@unoesc.edu.br
Currículo encontrado ; Faculdade Concórdia (FACC) ; Telefone : (49) 3444-5006 | Site : http://www.facc.com.br/ ; http://buscatextual.cnpq.br/buscatextual/visualizacv.do?id=K4723668A2', 'Informações de coordenação obtidas: | Coordenador(a): Laudette Maria Sartoretto
Currículo encontrado ; Centro Universitário Barriga Verde (UNIBAVE) ; Telefone : (48) 3466-5600 | Site : http://www.unibave.net/ ; http://buscatextual.cnpq.br/buscatextual/visualizacv.do?id=K4268389A6', 'https://www.linkedin.com/in/janaina-veronezi-alberton-2aa92687/', 'https://www.facebook.com/janaina.veronezi', 'Informações de coordenação obtidas: | Coordenador(a): Profª. Janaina Veronezi Alberton | Email: agronomia@unibave.net | Telefone: (48) 3466-5685
Currículo encontrado ; Fundação Universidade do Estado de Santa Catarina (UDESC) ; Telefone : (48) 3664-8000 | Site : http://www.udesc.br/ ; http://buscatextual.cnpq.br/buscatextual/visualizacv.do?id=K4766452T0', 'Informações de coordenação obtidas: | Coordenador(a):Chefe |  | Cláudio Roberto Franco | E-mail: claudio.franco@udesc.br | Telefone: (49) 3289-9223 |   |  | Subchefe |  | Ricardo Trezzi Casa | E-mail: ricardo.casa@udesc.br | Telefone: (49) 3289-9191 | 
Currículo encontrado ; Instituto Federal de Educação, Ciência e Tecnologia Catarinense (IF Catarinense) ; Telefone : (47) 3331-7800 | Site : http://www.ifc.edu.br/ ; http://buscatextual.cnpq.br/buscatextual/visualizacv.do?id=K4708421P9', 'Informações de coordenação obtidas: | Coordenador(a): Luciano Alves\t | Email: agronomia.grad.araquari@ifc.edu.br
Currículo encontrado ; Faculdade Empresarial de Chapecó (FAEM) ; Telefone : (49) 3319-3838 | Site : http://www.uceff.edu.br/ ; http://buscatextual.cnpq.br/buscatextual/visualizacv.do?id=K4766036H4', 'https://www.facebook.com/magdalena.reschkelajustravi', 'https://www.facebook.com/neuri.feldmann', 'Informações de coordenação obtidas: |     |                                                Unidade Itapiranga | - Coordenador(a): Neuri Antonio Feldman | - Email: neuri@uniceff.edu.br |                                                 Unidade Chapecó  | - Coordenador(a): Magdalena Reschke Lajus Travi | - Email: magtravi@uceff.edu.br
Currículo encontrado ; Universidade Comunitária da Região de Chapecó (UNOCHAPECÓ) ; Telefone : (49) 3321-8000 | Site : https://www.unochapeco.edu.br/ ; https://www.facebook.com/fabio.busnello.98', 'http://buscatextual.cnpq.br/buscatextual/visualizacv.do?id=K4217197Y8', 'Informações de coordenação obtidas: | Coordenador(a): Fabio Jose Busnello | Email: agronomia@unochapeco.edu.br
Currículo encontrado ; Universidade Alto Vale do Rio do Peixe (UNIARP) ; Telefone : (49) 3561-6200 | Site : http://www.uniarp.edu.br/ ; http://buscatextual.cnpq.br/buscatextual/visualizacv.do?id=K4705322E9', 'https://www.linkedin.com/in/leandro-hahn-882204a6/', 'https://www.facebook.com/leandro.hahn.3', 'Informações de coordenação obtidas: | Coordenador(a): Leandro Hahn | Email: agronomia@uniarp.edu.br
Currículo encontrado ; Universidade Federal do Acre (UFAC) ; Telefone : (68) 3901-2510 | Site : http://www.ufac.br/ ; https://www.facebook.com/leonardo.barretotavella', 'Coordenador(a): Leonardo Barreto Tavela  | Currículo: http://lattes.cnpq.br/0587163762109580 | Contato: 3311-2502  |  Email: enghmf@hotmail.com
Currículo encontrado ; Instituto Federal de Educação, Ciência e Tecnologia de Alagoas (IFAL) ; Telefone : (82) 2126-7000 | Site : https://www2.ifal.edu.br/campus/site/campus_maceio/ ; http://buscatextual.cnpq.br/buscatextual/visualizacv.do?id=K4739554A8', 'Coordenador(a): Adelmo Lima Bastos | Email: adelmo.bastos@ifal.edu.br | 
Currículo encontrado ; Universidade Federal do Amazonas (UFAM) ; Telefone : (92) 3305-1480 | Site : https://ufam.edu.br/ ; http://buscatextual.cnpq.br/buscatextual/visualizacv.do?id=K4766540Y0', 'https://www.facebook.com/ernesto.oliveiraserrapinto', 'Coordenador(a): Ernesto Oliveira Serra Pinto | Email: fca@ufam.edu.br | Telefone: (92) 3305-1798
Currículo encontrado ; Faculdade São Francisco de Barreiras (FASB) ; Telefone : (77) 3613-8801 | Site : http://www.fasb.edu.br/ ; http://buscatextual.cnpq.br/buscatextual/visualizacv.do?id=K4127260E4', 'https://www.linkedin.com/in/jorge-da-silva-j%C3%BAnior-0b135625/', 'Informações de coordenação obtidas: | Coordenador(a): Jorge da Silva Júnior | Email: julianne@fasb.edu.br | Telefone: (77) 3613-8844
Currículo encontrado ; Faculdade Pitágoras de Teixeira de Freitas (PIT TEIXEIRA) ; Telefone : (73) 3011-8300 | Site : http://www.faculdadepitagoras.com.br/ ; http://buscatextual.cnpq.br/buscatextual/visualizacv.do?id=K4709859E0', 'http://buscatextual.cnpq.br/buscatextual/busca.do', 'Informações de coordenação obtidas: | Coordenador: Daniel Camara Barcellos | Email: daniel.barcellos@live.com
Currículo encontrado ; Faculdade Arnaldo Horácio Ferreira (FAAHF) ; Telefone : (77) 3628-9900 | Site : http://faahf.edu.br/ ; http://buscatextual.cnpq.br/buscatextual/visualizacv.do?id=K4462798U3', 'Informações de coordenação obtidas: | Coordenador(a): Prof. Dr. José Rafael de Souza | Email: coordenacaoagronomia@faahf.edu.br | Telefone: (77) 3628-9900 | 
Currículo encontrado ; Instituto Federal de Educação, Ciência e Tecnologia Baiano (IFBAIANO) ; Telefone : (71) 3186-0001, (75) 3641-5270, (77) 3481-3210 | Site : http://www.ifbaiano.edu.br/ ; http://buscatextual.cnpq.br/buscatextual/visualizacv.do?id=K4234339P1', 'Informações de coordenações obtidas: | Coordenador(a): Leandro Santos Peixouto  | Email: leandro.peixouto@guanambi.ifbaiano.edu.br
Currículo encontrado ; Faculdade do Nordeste da Bahia (FANEB) ; Telefone : (75) 3286-2268 | Site : http://www.faneb.com.br/ ; http://buscatextual.cnpq.br/buscatextual/visualizacv.do?id=K4737055P3', 'Informações de coordenação obtidas: | Coordenador(a): Prof. Me. Júlio Renovato dos Santos  | Email: coordenacaoagronomia@faneb.com.br
Currículo encontrado ; Universidade Estadual de Feira de Santana (UEFS) ; Telefone : (75) 3161-8668 | Site : https://coopsiuefs.wixsite.com/website ; http://buscatextual.cnpq.br/buscatextual/visualizacv.do?id=K4775520U7', 'Coordenação do Colegiado:  | Profª. Marilza Neves do Nascimento | Fone:  | (75) 3161-8601  | E-mail:  | colagro@uefs.br 
Currículo encontrado ; Universidade Estadual de Santa Cruz (UESC) ; Telefone : (73) 3680-5200 | Site : http://www.uesc.br/ ; http://buscatextual.cnpq.br/buscatextual/visualizacv.do?id=K4463314D6', 'https://www.linkedin.com/in/luis-carlos-cirilo-carvalho-4a41a0170/', 'https://www.facebook.com/luiscarlos.cirilocarvalho', 'Coordenador: LUIS CARLOS CIRILO CARVALHO\t | Email: lccc.87.ufla@hotmail.com | Telefone: (73) 3680-5259
Currículo encontrado ; Universidade Federal do Oeste da Bahia (UFOB) ; Telefone : (77) 3614-3500 | Site : http://www.ufob.edu.br/ ; http://buscatextual.cnpq.br/buscatextual/visualizacv.do?id=K4702204U8', 'Coordenador: Prof. Dr. Cícero Renê Almeida Barboza Júnior\t | Email: cicero.barboza@ufob.edu.br\t | Telefone: (74) 3662 - 5108
Currículo encontrado ; Universidade Estadual do Sudoeste da Bahia (UESB) ; Telefone : (77) 3261-8450 | Site : http://www.uesb.br/ ; http://buscatextual.cnpq.br/buscatextual/visualizacv.do?id=K4785044U1', 'Coordenador(a): Valdemiro Conceição Junior | Email: miroconceicao@hotmail.com | Telefone: (77) 3424-8675
Currículo encontrado ; Instituto Federal de Educação, Ciência e Tecnologia do Ceará (IFCE) ; Telefone : (85) 3307-3681, (85) 3401-2302, (85) 3401-2500 | Site : http://www.ifce.edu.br/, http://www.ifce.edu.br/fortaleza, https://ifce.edu.br/ ; http://buscatextual.cnpq.br/buscatextual/visualizacv.do?id=K4718264U7', 'Coordenador(a): Arilene Franklin Chaves | Email: arilenefc@ifce.edu.br
Currículo encontrado ; Universidade Federal do Cariri (UFCA) ; Telefone : (88) 3221-9200 | Site : http://www.ufca.edu.br/portal/ ; http://buscatextual.cnpq.br/buscatextual/visualizacv.do?id=K4777643U4', 'Coordenador(a): Felipe Thomaz da Camara | Fone: (88)3521 7364 | E-mail:  coordadm@cariri.ufc.br | Vinculação: Campus Cariri
Currículo encontrado ; Universidade da Integração Internacional da Lusofonia Afro-Brasileira (UNILAB) ; Telefone : (85) 3332-1414 | Site : http://www.unilab.edu.br/ ; http://buscatextual.cnpq.br/buscatextual/visualizacv.do?id=K4778583D2', 'Coordenadora – SUSANA CHURKA BLUM | Vice Coordenadora – FERNANDA SCHNEIDER | Auxiliar administrativo – MADELINE MAIA | E-mail: coordagronomia@unilab.edu.br | Telefone: (85) 3332 6331
Currículo encontrado ; Universidade de Brasília (UNB) ; Telefone : (61) 3107-3300 | Site : http://www.unb.br/ ; http://buscatextual.cnpq.br/buscatextual/visualizacv.do?id=K4796306J6', 'Francisco Faggion | Email: faggion@unb.br
Currículo encontrado ; Faculdades Integradas da Upis (UPIS) ; Telefone : (61) 3445-6767 | Site : http://www.upis.br/ ; http://buscatextual.cnpq.br/buscatextual/visualizacv.do?id=K4796508P6', 'Coordenador(a): Janine Tavares Camargo | Email: agronomia@upis.br
Currículo encontrado ; Instituto Federal de Educação, Ciência e Tecnologia do Espírito Santo (IFES) ; Telefone : (27) 3357-7500 | Site : https://www.ifes.edu.br/ ; http://buscatextual.cnpq.br/buscatextual/visualizacv.do?id=K4775671Y3', 'Informações de coordenação obtidas: | Coordenador(a): Antonio Resende Fernandes  /  Antônio Fernando de Souza | Email: agronomia.st@ifes.edu.br | Telefone: (27) 3259-7878  /  (27) 3259-7892
Currículo encontrado ; Universidade Federal do Espírito Santo (UFES) ; Telefone : (27) 4009-2222 | Site : http://www.ufes.br/ ; http://buscatextual.cnpq.br/buscatextual/visualizacv.do?id=K4767676Y3', 'Informações de coordenação obtidas: | Coordenador(a): Fábio Luiz de Oliveira    | Email:  fabiocapi@yahoo.com.br | Telefone: (28) 99271- 9446 | Ramal: 8677
Currículo encontrado ; Centro Universitário de Desenvolvimento do Centro-Oeste (UNIDESC) ; Telefone : (61) 3878-3100 | Site : http://www.unidesc.edu.br/ ; http://buscatextual.cnpq.br/buscatextual/visualizacv.do?id=K4267120T0', 'Informações de coordenação obtidas: | Coordenador(a): Prof. MsC Marcello Augusto Dias da Cunha | Email: coord.agronomia@unidesc.br
Currículo encontrado ; Faculdade Montes Belos (FMB) ; Telefone : (64) 3671-2814 | Site : http://faculdademontesbelos.com.br/ ; http://buscatextual.cnpq.br/buscatextual/visualizacv.do?id=K4574699A3', 'Informações de coordenação obtidas: | Coordenador(a): Prof. Me. Antônio Florentino de Lima Júnior | Email: agronomia@fmb.edu.br | 
Currículo encontrado ; Centro Universitário de Mineiros (UNIFIMES) ; Telefone : (64) 3672-5100 | Site : http://www.fimes.edu.br/ ; http://buscatextual.cnpq.br/buscatextual/visualizacv.do?id=K8105710T6', 'Informações de coordenação obtidas: | Coordenador(a): Márcia Maria de Paula | Email: marcia@unifimes.edu.br  | Telefone: (64)3661-4074 | 
Currículo encontrado ; Centro Universitário de Goiás (UNI-ANHANGÜERA) ; Telefone : (62) 3246-1400 | Site : http://www.anhanguera.edu.br/ ; http://buscatextual.cnpq.br/buscatextual/visualizacv.do?id=K4723312Y4', 'Informações de coordenação obtidas: | Coordenador(a): Doutor(a) Luciana Domingues Bittencourt Ferreira | Email: luciana.domingues@anhanguera.edu.br | Telefone: (62) 3246-1471
Currículo encontrado ; Instituto de Ensino Superior de Rio Verde (IESRIVER) ; Telefone : (64) 3624-2600 | Site : http://faculdadeobjetivo.com.br/?site=ok ; http://buscatextual.cnpq.br/buscatextual/visualizacv.do?id=K4297919J7', 'Informações de coordenação obtidas: | Coordenador(a): Profª. Ms. Leonnardo Cruvinel Furquim | Email:  leonnardo@faculdadeobjetivo.com.br | Telefone: (64) 3624-2620
Currículo encontrado ; Universidade de Rio Verde (FESURV) ; Telefone : (64) 3611-2200 | Site : http://www.unirv.edu.br/ ; http://buscatextual.cnpq.br/buscatextual/visualizacv.do?id=K4742497Y1', 'Informações de coordenação obtidas: | Coordenador(a): Takeshi Kamada | Email: kamada@unirv.edu.br | Telefone: (64) 3611-2278
Currículo encontrado ; Instituto Federal de Educação, Ciência e Tecnologia Goiano (IF Goiano) ; Telefone : (62) 3307-7100 | Site : http://www.ifgoiano.edu.br/ceres/ ; http://buscatextual.cnpq.br/buscatextual/visualizacv.do?id=K4732371A6', 'Informações de coordenação obtidas: | Coordenador(a): Renato Souza Rodovalho | Email: agronomia.ce@ifgoiano.edu.br
Currículo encontrado ; Faculdade Evangélica de Goianésia ; Telefone : (62) 3353-6260 | Site : http://www.evangelicagoianesia.edu.br/faceg/pesquisa/grupos-de-pesquisa/sedmo-2/ ; http://buscatextual.cnpq.br/buscatextual/visualizacv.do?id=K4793455Z6', 'Informações de coordenação obtidas: | Coordenador(a): Drª. Eliane Divina de Toledo | Email: agronomia@evangelicagoianesia.edu.br | Telefone: (62) 3389-7350
Currículo encontrado ; Faculdade Quirinópolis (FAQUI) ; Telefone : (64) 3651-4680 | Site : http://www.faculdadequirinopolis.com.br/ ; http://buscatextual.cnpq.br/buscatextual/visualizacv.do?id=K4736611A6', 'Informações de coordenação obtidas: | Coordenador(a): Fernando Lima
Currículo encontrado ; Universidade Federal de Goiás (UFG) ; Telefone : (62) 3521-1000 | Site : https://www.ufg.br/p/6419-campus-samambaia-campus-ii-goiania ; http://buscatextual.cnpq.br/buscatextual/visualizacv.do?id=K4774453Y3', 'Informações de coordenação obtidas: | Coordenador(a): Drª. Rita Maria Devós Ganga | Email: agrocoordena@gmail.com | Telefone: (62) 3521-1540 
Currículo encontrado ; Faculdade Santa Rita de Cássia (IFASC) ; Telefone : (64) 3404-9020 | Site : http://www.ifasc.com.br/ ; http://buscatextual.cnpq.br/buscatextual/visualizacv.do?id=K8111603D1', 'Informações de coordenação obtidas: | Coordenador(a): Tatiana Carvalho Faria | Email: 
Currículo encontrado ; Universidade Estadual de Goiás (UEG) ; Telefone : (62) 3277-2989, (62) 3328-1192, (64) 3453-2310 | Site : http://www.ueg.br/ ; http://buscatextual.cnpq.br/buscatextual/visualizacv.do?id=K4268090Z7', 'Coordenador(a): Profª Héria de Freitas Teles | Email: agronomia.palmeiras@ueg.br |  
Currículo encontrado ; Faculdade Metropolitana de Anápolis (FAMA) ; Telefone : (62) 3310-0000 | Site : http://www.faculdadefama.edu.br/ ; http://buscatextual.cnpq.br/buscatextual/visualizacv.do?id=K4242511Y7', 'Informações de coordenação obtidas: | Coordenador(a): Vinícius Almeida Oliveira | Email: vinicius.oliveira@faculdadefema.edu.br | 
Currículo encontrado ; Instituto Federal de Educação, Ciência e Tecnologia do Maranhão (IFMA) ; Telefone : (98) 3215-1701 | Site : http://www.ifma.edu.br/ ; http://buscatextual.cnpq.br/buscatextual/visualizacv.do?id=K4138512T1', 'Coordenação do Curso de Bacharelado em Agronomia | Coordenadora: Prof. Dr. Daniel Barbosa Araújo – daniel.araujo@ifma.edu.br
Currículo encontrado ; Universidade Federal do Maranhão (UFMA) ; Telefone : (98) 3272-8000 | Site : http://www.ufma.br/ ; http://buscatextual.cnpq.br/buscatextual/visualizacv.do?id=K4732938D0', 'JAMES RIBEIRO DE AZEVEDO\tCoordenação\t9832729913\tjamesazevedo@ufma.br
Currículo encontrado ; Universidade do Estado de Mato Grosso (UNEMAT) Alta Floresta, ; Telefone : (66) 3521-4991 | Site : http://www.unemat.br/ ; http://buscatextual.cnpq.br/buscatextual/visualizacv.do?id=K4480173H4 | ', 'Coordenador do curso: Prof. Dr. Gustavo Caione | Telefone: (66) 3521-4991 | Email: agronomia.afl@unemat.br
Currículo encontrado ; Universidade de Cuiabá (UNIC / PITÁGORAS) ; Telefone : (65) 3363-1217 | Site : http://www.unic.br/ ; http://buscatextual.cnpq.br/buscatextual/visualizacv.do?id=K4292228Z4', 'Informações de coordenação obtidas: | Coordenador(a): Clodoaldo Moreno da Paixão | Email: | Telefone: (65) 3363-1217 | Não passaram o email | 
Currículo encontrado ; Instituto Federal de Educação, Ciência e Tecnologia de Mato Grosso (IFMT) Campo Verde ; Telefone : (65) 3341-2176 | Site : http://svc.ifmt.edu.br/conteudo/pagina/curso-bacharelado-em-agronomia-campo-verde-noturno/ ; http://buscatextual.cnpq.br/buscatextual/visualizacv.do?id=K4202742T7', 'Informações de coordenação obtidas: | Coordenador(a):Fernanda Martins Dias | Email: fernanda.dias@svc.ifmt.edu.br | Telefone: (65) 3341-2176
Currículo encontrado ; Faculdade Anhanguera de Rondonópolis (FAR) ; Telefone : (66) 3411-3900, (66) 3423-2207 | Site : http://anhanguera.com/, http://www.unic.br/ ; http://buscatextual.cnpq.br/buscatextual/visualizacv.do?id=K4294852H3', 'Informações de coordenação obtidas: | Coordenador(a): Jose Mauro de Ribamar e Silva | Não forneceram email nem telefone | 
Currículo encontrado ; Universidade Federal de Mato Grosso (UFMT) ; Telefone : (65) 3615-8267 | Site : http://www.ufmt.br/ ; http://buscatextual.cnpq.br/buscatextual/visualizacv.do?id=K4777361H9', 'Informações de coordenação obtidas: | Coordenador(a): Carlos Cesar Breda | Email: breda@ufmt.br | Telefone: (66) 3533-3172
Currículo encontrado ; Centro Universitário de Várzea Grande (UNIVAG) ; Telefone : (65) 3688-6000 | Site : http://www.univag.com.br/ ; http://buscatextual.cnpq.br/buscatextual/visualizacv.do?id=K4767838Y6', 'Informações de coordenação obtidas: | Coordenador(a): Dr. Rogério Donizete de Castro | Email: coordenacao.agronomia@univag.edu.br | Telefone: (65) 3688-6107
Currículo encontrado ; Instituto Federal de Educação, Ciência e Tecnologia do Pará (IFPA) ; Telefone : (91) 3201-1701, (91) 3201-1728, (91) 3751-6265 | Site : http://abaetetuba.ifpa.edu.br/, http://belem.ifpa.edu.br/, http://www.ifpa.edu.br/ ; http://buscatextual.cnpq.br/buscatextual/visualizacv.do?id=K4298185T5', 'Coordenador(a): Gilberta Carneiro Souto | Email: gilberta.souto@ifpa.edu.br | Telefone: (91) 3412-1635
Currículo encontrado ; Universidade Federal do Pará (UFPA) ; Telefone : (91) 3201-7000 | Site : https://www.portal.ufpa.br/ ; http://buscatextual.cnpq.br/buscatextual/visualizacv.do?id=K4757191T9', 'Coordenador(a):Thiago Cavalcante  Gomes Ribeiro de Andrade\t\t\tEmail: sandrasilva@ufpa.br | Telefone: (93) 91242959 / (93)81257870
Currículo encontrado ; Universidade Federal do Sul e Sudeste do Pará (UNIFESSPA) ; Telefone : (94) 2101-7100 | Site : https://www.unifesspa.edu.br/ ; http://buscatextual.cnpq.br/buscatextual/visualizacv.do?id=K4387195H8', 'Coordenador(a): Josiel de Oliveira Batista | Email: josieloliveira@unifesspa.edu.br
Currículo encontrado ; Universidade Federal Rural da Amazônia (UFRA) ; Telefone : (91) 99203-9281 | Site : https://novo.ufra.edu.br/ ; http://buscatextual.cnpq.br/buscatextual/visualizacv.do?id=K4273857E1', 'Coordenador(a): Pedro Daniel de Oliveira\t\t | Email: daniel.oliveira@ufra.edu.br | Telefone: (91) 999022396  / ( 91) 983090111
Currículo encontrado ; Universidade Federal da Paraíba (UFPB) ; Telefone : (83) 3216-7200 | Site : http://www.ufpb.br/ ; http://buscatextual.cnpq.br/buscatextual/visualizacv.do?id=K4702110U1', 'Coordenação do Curso : BRUNO DE OLIVEIRA DIAS  | Telefone/Ramal: 3362-1729  | E-mail: coordagro@cca.ufpb.br | Vice-Coordenação do Curso : DANIEL DUARTE PEREIRA  | Telefone/Ramal: 3362  | E-mail: coordagro@cca.ufpb.br
Currículo encontrado ; Universidade Federal de Campina Grande (UFCG) ; Telefone : (83) 2101-1000 | Site : http://www.ufcg.edu.br/ ; http://buscatextual.cnpq.br/buscatextual/visualizacv.do?id=K4764901P9', 'Coordenador(a): Ancélio Ricardo de Oliveira Gondim | Email: ccta.agronomia.d@ufcg.edu.br | Telefone: (83) 3431-4005
Currículo encontrado ; Fundação Universidade Federal do Vale do São Francisco (UNIVASF) ; Telefone : (87) 2101-6705 | Site : http://www.univasf.edu.br/ ; http://buscatextual.cnpq.br/buscatextual/visualizacv.do?id=K4269240Y8', 'Coordenador(a): Bruno Coutinho Moreira | Email: bruno.moreira@univasf.edu.br | Telefone: (87) 201-4863
Currículo encontrado ; Universidade Federal Rural de Pernambuco (UFRPE) ; Telefone : (81) 3320-6000 | Site : http://www.ufrpe.br/ ; http://buscatextual.cnpq.br/buscatextual/visualizacv.do?id=K4791658P9 | ', 'Coordenador(a): Marcelo Metri Correa | Telefone: 87 37610882  | Email: coordenacao.ag@uag.ufrpe.br
Currículo encontrado ; Instituto Federal de Educação, Ciência e Tecnologia de Pernambuco (IFPE) ; Telefone : (81) 2125-1600 | Site : http://www.ifpe.edu.br/ ; http://buscatextual.cnpq.br/buscatextual/visualizacv.do?id=K4772133Z1', 'Coordenadora: Denise de Santana Silva  | E-mail: agronomia@vitoria.ifpe.edu.br  | Telefone: (81) 3114-1906
Currículo encontrado ; Instituto Federal de Educação, Ciência e Tecnologia do Sertão Pernambucano (IF Sertão) ; Telefone : (87) 2101-4300 | Site : http://www.ifsertao-pe.edu.br/index.php ; http://buscatextual.cnpq.br/buscatextual/visualizacv.do?id=K4705125Z2', 'Coordenador(a): Aline Rocha  | E-mail: aline.rocha@ifsertao-pe.edu.br.  | Telefone: (87) 2101-8072.
Currículo encontrado ; Instituto Federal de Educação, Ciência e Tecnologia do Piauí (IFPI) ; Telefone : (86) 3215-5200 | Site : http://libra.ifpi.edu.br/ ; http://buscatextual.cnpq.br/buscatextual/visualizacv.do?id=K4732804H9', 'Coordenador(a): Cristovam Alves de Lima Junior | Email: proreitoria.ensino@ifpi.edu.br | Telefone: (86) 3131-1436
Currículo encontrado ; Universidade Federal Rural do Rio de Janeiro (UFRRJ) ; Telefone : (21) 2681-4610 | Site : http://www.ufrrj.br/ ; http://buscatextual.cnpq.br/buscatextual/visualizacv.do?id=K4785983P6', 'Informações de coordenação obtidas: | Coordenador(a): Professor Dr. Adelson Paulo de Araújo | Email: agronomia@ufrrj.br  /  aparaujo@ufrrj.br | Telefone: (21) 3787-3755 ramal: 208
Currículo encontrado ; Universidade Federal do Rio Grande do Norte (UFRN) ; Telefone : (84) 3342-2317 | Site : http://www.ufrn.br/ ; http://buscatextual.cnpq.br/buscatextual/visualizacv.do?id=K4230652P2', 'Coordenador(a): JOSE HAMILTON DA COSTA FILHO | Fone: +55 (84) 3342-4838/9474-6745 | E-mail: agronomiaufrn@gmail.com
Currículo encontrado ; Universidade Federal Rural do Semi-Árido (UFERSA) ; Telefone : (84) 3317-8200 | Site : https://ufersa.edu.br/ ; http://buscatextual.cnpq.br/buscatextual/visualizacv.do?id=K4766737P5', 'Coordenadora(a): Elizangela Cabral dos Santos | Email: elizangelacabral@ufersa.edu.br | Ramal: 1757
Currículo encontrado ; Faculdade de Educação e Meio Ambiente (FAEMA) ; Telefone : (69) 3536-6600 | Site : http://www.faema.edu.br/ ; http://buscatextual.cnpq.br/buscatextual/visualizacv.do?id=K4769966H9', 'Informações de coordenação obtidas: | Coordenador(a): Adriana Ema Nogueira | Email: agronomia@faema.edu.br
Currículo encontrado ; Fundação Universidade Federal de Rondônia (UNIR) ; Telefone : (69) 2182-2000 | Site : http://www.unir.br/ ; http://buscatextual.cnpq.br/buscatextual/visualizacv.do?id=K4796648D6', 'Informações de coordenação obtidas: | Coordenador(a): Dr. Idelfonso Leandro Bezerra  | Email: idenfonsobezerra@unir.br | 
Currículo encontrado ; Faculdades Integradas Aparício Carvalho (FIMCA) ; Telefone : (69) 3217-8900 | Site : http://www.fimca.com.br/ ; http://buscatextual.cnpq.br/buscatextual/visualizacv.do?id=K4138980H9', 'Informações de coordenação obtidas: | Coordenador(a): Bárbara dos Santos Esteves | Email: coord.agronomia@fimca.com.br
Currículo encontrado ; Instituto Federal de Educação, Ciência e Tecnologia de Rondônia (IFRO) ; Telefone : (69) 2101-0700 | Site : http://portal.ifro.edu.br/ ; http://buscatextual.cnpq.br/buscatextual/visualizacv.do?id=K4155840T8', 'Informações de coordenação obtidas: | Coordenador(a): Luciano dos Reis Venturoso | Email: ceagro.ariquemes@ifro.edu.br
Currículo encontrado ; Faculdade Roraimense de Ensino Superior (FARES) ; Telefone : (95) 2121-5700 | Site : http://www.fares.edu.br/ ; http://buscatextual.cnpq.br/buscatextual/visualizacv.do?id=K4759414E9', 'Coordenador(a): Rejane Lanius Boyle | Email: r.1.boyle@click21.com.br
Currículo encontrado ; Universidade Estadual de Roraima (UERR) ; Telefone : (95) 2121-0950 | Site : http://uerr.edu.br/ ; http://buscatextual.cnpq.br/buscatextual/visualizacv.do?id=K4568576U0', 'Coordenador(a): Francisco Péricles Galúcio Aires\t | Email: coordenacaoagronomia@uerr.edu.br
Currículo encontrado ; Universidade de Caxias do Sul (UCS) ; Telefone : (54) 3218-2100, (54) 3218-2173 | Site : http://www.ucs.br/, https://www.ucs.br/, https://www.ucs.br/site/biblioteca/ ; http://buscatextual.cnpq.br/buscatextual/visualizacv.do?id=K4769871Y8', ' Coordenador: Murilo César dos Santos | Email: informa@ucs.br
Currículo encontrado ; Instituto Federal de Educação, Ciência e Tecnologia do Rio Grande do Sul (IFRS) Vacaria ; (54) 3231-7400 | https://ifrs.edu.br/vacaria/ensino/professores/ ; http://buscatextual.cnpq.br/buscatextual/visualizacv.do?id=K4710249Z7', 'Informações de coordenação obtidas: | Coordenador(a): Tatiane de Fátima Brandão Oliveira | Email: tatiane.oliveira@vacaria.ifrs.edu.br 
Currículo encontrado ; Faculdade Ideau (IDEAU) ; Telefone : (54) 3341-6600 | Site : http://www.ideau.com.br/ ; http://buscatextual.cnpq.br/buscatextual/visualizacv.do?id=K4237309U9', 'COORDENAÇÃO | Dirigentes: | Presidente: Flávio Carlos Barro | Diretor: Marcos Paulo Dellani  | Coordenação: Ronaldo Bernardon Meireles |  
Currículo encontrado ; Universidade Federal da Fronteira Sul (UFFS) ; Telefone : (42) 3635-0000, (49) 2049-3100, (54) 2103-4129 | Site : http://www.uffs.edu.br/, https://www.uffs.edu.br/ ; http://buscatextual.cnpq.br/buscatextual/visualizacv.do?id=K4716920J0', 'Informações de coordenação obtidas: | Coordenador(a):  Juliane Ludwig | Email: agronomia.cl@uffs.edu.br | Telefone: (55) 3359-3973 / (55) 3359-3981
Currículo encontrado ; Faculdade de Getúlio Vargas (FACULDADE IDEAU) ; Telefone : (54) 3341-6600 | Site : http://www.ideau.com.br/ ; http://buscatextual.cnpq.br/buscatextual/visualizacv.do?id=K4237309U9', 'Informações de coordenação obtidas:  | Coordenador(a): Ronaldo Bernardon Meireles | Email: : agronomia@ideau.com.br
Currículo encontrado ; Faculdade do Pampa ; Telefone : (53) 3240-3600 | Site : http://novoportal.unipampa.edu.br/novoportal/ ; http://buscatextual.cnpq.br/buscatextual/visualizacv.do?id=K4275687E6', 'Informações de coordenação obtidas:  | Coordenador(a): Bruno Neutzling Fraga | Email: itagr@listas.unipampa.edu.br
Currículo encontrado ; Universidade da Região da Campanha (URCAMP) ; Telefone : (53) 3242-8244 | Site : http://www.urcamp.edu.br/ ; http://buscatextual.cnpq.br/buscatextual/visualizacv.do?id=K4700991E8', 'Informações de coordenação obtidas: | Coordenador(a): Eliana Antonia Valente Silveira | Email: urcamp@urcamp.edu.br | Ramal: 272
Currículo encontrado ; Centro de Ensino Superior Riograndese (CESURG) ; Telefone : (54) 98423-9928 | Site : http://cesurg.com.br/ ; http://buscatextual.cnpq.br/buscatextual/visualizacv.do?id=K4238542P7', 'Informações de coordenação obtidas: | Coordenador(a): Rafael Antonio Pasini | Email: agronomia.sarandi@cesurg.com.br | Telefone: (54) 98423-9928 || 99700-9394 (Whats)
Currículo encontrado ; Universidade de Cruz Alta (UNICRUZ) ; Telefone : (55) 3321-1500 | Site : https://home.unicruz.edu.br/ ; http://buscatextual.cnpq.br/buscatextual/visualizacv.do?id=K4701966D7', 'Informações de coordenação obtidas: | Coordenador(a): José Luiz Tragnago | Email: agronomia@unicruz.edu.br | Telefone: (55)3321-1631
Currículo encontrado ; Universidade de Passo Fundo (UPF) ; Telefone : (54) 3316-8100 | Site : http://upf.br/ ; http://buscatextual.cnpq.br/buscatextual/visualizacv.do?id=K4785367Y1', 'Informações de coordenação obtidas: | Coordenador(a): Vilson Antonio Klein | Email: vaklein@upf.br | Telefone: (54) 3316-8151
Currículo encontrado ; Universidade Federal de Pelotas (UFPEL) ; Telefone : (53) 3284-3800 | Site : http://portal.ufpel.edu.br/ ; http://buscatextual.cnpq.br/buscatextual/visualizacv.do?id=K4782933J5', 'Informações de coordenação obtidas: | Coordenador(a): Paulo Roberto Grolli | Email: prgrolli@ufpel.edu.br | 
Currículo encontrado ; Universidade Federal de Santa Maria (UFSM) ; Telefone : (55) 3220-8000 | Site : http://www.ufsm.br/ct ; http://buscatextual.cnpq.br/buscatextual/visualizacv.do?id=K4249683J7', 'Informações de coordenação obtidas:  | Coordenador(a): Jose Domingos Jacques Leao | Email: agronomia@gmail.com
Currículo encontrado ; Universidade Federal do Rio Grande do Sul (UFRGS) ; Telefone : (51) 3308-6000 | Site : http://www.ufrgs.br/ ; http://buscatextual.cnpq.br/buscatextual/visualizacv.do?id=K4785435U6', 'Informações de coordenação obtidas: | Coordenador(a): Sergio Francisco Schwarz | Email: schwarz@ufrgs.br  /  cgradagr@ufrgs.br | Telefone: (51) 3308-6018  /  ramal: 7441
Currículo encontrado ; Universidade Luterana do Brasil (ULBRA) ; Telefone : (51) 3477-4000 | Site : http://www.ulbra.br/ ; http://buscatextual.cnpq.br/buscatextual/visualizacv.do?id=K4771779Y0', 'Informações de coordenação obtidas: | Coordenador(a): Elisabete Gabrielli | Email: ulbra@ulbra.br
Currículo encontrado ; Universidade Regional Integrada do Alto Uruguai e Das Missões (URI) ; Telefone : (54) 3520-9000 | Site : http://www.uricer.edu.br/ ; http://buscatextual.cnpq.br/buscatextual/visualizacv.do?id=K4723398P5', 'Informações de coordenação obtidas: | Coordenador(a): Amito José Teixeira | Email: agronomia@uricer.edu.br | Telefone: (54) 3520-9000
Currículo encontrado ; Instituto Federal de Educação, Ciência e Tecnologia Farroupilha (IFFarroupilha) ; Telefone : (55) 3218-9800 | Site : http://www.iffarroupilha.edu.br/ ; http://buscatextual.cnpq.br/buscatextual/visualizacv.do?id=K4282101P3', 'Informações de coordenação obtidas: | Coordenador(a): Emanuele Junges | Email: emanuele.junges@iffarroupilha.edu.br
Currículo encontrado ; Universidade Federal de Sergipe (UFS) ; Telefone : (79) 3194-6600 | Site : http://www.ufs.br/ ; http://buscatextual.cnpq.br/buscatextual/visualizacv.do?id=K4744106U9', 'Coordenador: Paulo Roberto Gagliardi | Email: prgagli@ufs.br | Telefone: (79) 2105-6929
Currículo encontrado ; Faculdade Católica do Tocantins (FACTO) ; Telefone : (63) 3221-2100 | Site : http://www.catolica-to.edu.br/ ; http://buscatextual.cnpq.br/buscatextual/visualizacv.do?id=K4711659E6', 'Contatos | COORDENADOR(A) DO CURSO: Thadeu Teixeira Junior  | Email: thadeu.junior@p.catolica-to.edu.br
Currículo encontrado ; Universidade do Tocantins (UNITINS) ; Telefone : (63) 3218-2940 | Site : http://www.unitins.br/ ; http://buscatextual.cnpq.br/buscatextual/visualizacv.do?id=K4700168U5', 'COORDENAÇÃO DE CURSO | Arison José Pereira  | Contato: (63) 3218-4926 | E-mail: arison.jp@unitins.br
Currículo encontrado ; Instituto Federal de Educação, Ciência e Tecnologia do Tocantins (IFTO) ; Telefone : (63) 3236-4000 | Site : http://www.ifto.edu.br/ ; http://buscatextual.cnpq.br/buscatextual/visualizacv.do?id=K4769489D6', 'Diretor-geral: Décio Dias dos Reis | E-mail: araguatins@ifto.edu.br | Telefone: (63) 3474-4800 // (63) 3474-4804 | Coordenador(a): Wyratan da Silva Santos | E-mail: agronomia.araguatins@ifto.edu.br | Telefone: (63) 3474 - 4846
